F2020042100002285-1,https://www.lost112.go.kr/lostnfs/images/uploadImg/thumbnail/20200323/20200323032517768.JPG,귀금속,시계,블랙,검정
F2020042100002227-1,https://www.lost112.go.kr/lostnfs/images/uploadImg/thumbnail/20200323/20200323025408547.JPG,기타물품,기타,그레이,회
F2020042100002221-1,https://www.lost112.go.kr/lostnfs/images/uploadImg/thumbnail/20200323/20200323030949745.JPG,기타물품,기타,핑크,연한핑크
F2020042100002215-1,https://www.lost112.go.kr/lostnfs/images/uploadImg/thumbnail/20200323/20200323031751903.JPG,자동차,자동차열쇠,블랙,검정
F2020042100002211-1,https://www.lost112.go.kr/lostnfs/images/uploadImg/thumbnail/20200323/20200323030651219.JPG,기타물품,기타,오렌지,선명한오렌지
F2020042100002191-1,https://www.lost112.go.kr/lostnfs/images/uploadImg/thumbnail/20200323/20200323051606403.JPG,전자기기,기타용품,그레이,회
F2020042100002183-1,https://www.lost112.go.kr/lostnfs/images/uploadImg/thumbnail/20200323/20200323051909174.JPG,전자기기,기타용품,그레이,회
F2020042000002353-1,https://www.lost112.go.kr/lostnfs/images/uploadImg/thumbnail/20200326/20200326033040710.jpg,지갑,남성용 지갑,블랙,검정
V0003884F03190048-1,https://www.lost112.go.kr/lostnfs/images/uploadImg/thumbnail/20200319/20200319024743247.JPG,귀금속,시계,블랙,검정
F2020010200002924-1,https://www.lost112.go.kr/lostnfs/images/uploadImg/thumbnail/20200102/r_20200102053222242.jpg,전자기기,카메라,퓨시아,자홍
F2019110700000685-1,https://www.lost112.go.kr/lostnfs/images/uploadImg/thumbnail/20191107/r_20191107103703887.jpg,지갑,남성용 지갑,블랙,검정
